Tamanho id,Cat Tamanho id,Tamanhos,Ordem
cCKRsCbkQMKMWJ51xRlHjw,J2q3AGAnQ2Cju1VEuxkbOw,1L,1
o5xkynNYQOeIYxfXg5DBpA,J2q3AGAnQ2Cju1VEuxkbOw,5L,2
HgM7DUY8QCi6aQfpWLYHTg,J2q3AGAnQ2Cju1VEuxkbOw,20L,3
TnP7uyMUT1aEqCtW80b5Mg,J2q3AGAnQ2Cju1VEuxkbOw,50L,4
91.fhdxjQTS6AEYAWhrxNQ,kh4xYjqLSYG1YtKtLH7n1A,200g,1
xU-.G5u4SXaTWC7ruosWfg,kh4xYjqLSYG1YtKtLH7n1A,500g,2
xir2I8q-RNWtMkc6Qpb49w,kh4xYjqLSYG1YtKtLH7n1A,1kg,3
b5BuDYjJRLSBEzl8UQMiTA,J2q3AGAnQ2Cju1VEuxkbOw,10ML,1
FMy8Osq4TKuzFI3BBkDLzg,766iK6d2QYWzv-bl.BA1gA,1 M,1
EPPyGFLCTr2yEXtEB2YDPQ,766iK6d2QYWzv-bl.BA1gA,2 M,2
RUXZ-ZBlRFidQ3NF7FoiAg,PZOwW1.1ROSiob7KmFoQKw,1L,4
Wrx-GAsYQQe-OWT9NcZ6ew,PZOwW1.1ROSiob7KmFoQKw,5L,5
BQOwfr2KSRi9EHxXD4VMSA,PZOwW1.1ROSiob7KmFoQKw,250ml,1
YlN0PF5XT-euynbZ-Fer6Q,PZOwW1.1ROSiob7KmFoQKw,20L,6
wOcyDTRuRMaY9Maxl1J38w,PZOwW1.1ROSiob7KmFoQKw,500ml,3
No8pDrIlTvKQ3u2eiHjJpQ,PZOwW1.1ROSiob7KmFoQKw,50L,7
WC-ZGQ3jSNGCIOxYNjm4EA,PZOwW1.1ROSiob7KmFoQKw,170g,
bAStaZgiTG-xxQA.nVsf.g,PZOwW1.1ROSiob7KmFoQKw,1Kg,
CQ.P-xi2RHmXPAwEeSHrjQ,ViU2USNJRHq0ozZts2ayIg,1L,1
n5FoQoB6T3Cz0j2iRIlJLA,ViU2USNJRHq0ozZts2ayIg,5L,2
tQ2P30n6RqmBUwy3vrOC8A,PZOwW1.1ROSiob7KmFoQKw,440ml,2
m0l1t3aOQcGdKg6quVxwYA,PZOwW1.1ROSiob7KmFoQKw,7L,1
DRLAQ-DZSluQFh.2QcGYbQ,PZOwW1.1ROSiob7KmFoQKw,2L,5
a-mOT7GbuRB-Hakv-23dXqg,PZOwW1.1ROSiob7KmFoQKw,"2,4Kg",
Kj6ntsnwQd-9R798KTLjaw,PZOwW1.1ROSiob7KmFoQKw,4Kg,
Pq1Gzqj-SISh0F3X0lz8aA,PZOwW1.1ROSiob7KmFoQKw,"5,6Kg",
tdbzy.bDQVKHLnGW4vwosw,PZOwW1.1ROSiob7KmFoQKw,570g,
qJPZ2oYJSUOhQl3i9XT1-g,PZOwW1.1ROSiob7KmFoQKw,800ml,
WOpsN7hfQRqIPDGyauSYLw,PZOwW1.1ROSiob7KmFoQKw,"1,7Kg",
wA5mL5RPTdiHgKCesAIqxA,kSgfbo3eS7iVX4KjN7Bb2Q,CX C/ 25 PCTs,
HaUbeoEgRCqOyKbLcdLPvA,kSgfbo3eS7iVX4KjN7Bb2Q,PCT C/ 100 COPOS,
4I4xHAJvSheVTGVdLnj5ZQ,kSgfbo3eS7iVX4KjN7Bb2Q,CX C/ 50 PCTs,
qRLr2Ha-SJ-93c1gFBbX2A,kSgfbo3eS7iVX4KjN7Bb2Q,10L,
MhFhof9YRfGZiL4TYyWzHA,kSgfbo3eS7iVX4KjN7Bb2Q,20L,
gG1iRlU4TA-UyZcTqQFUng,kSgfbo3eS7iVX4KjN7Bb2Q,15L,
9q9vQjufTVuTqkEUkfVjSw,kSgfbo3eS7iVX4KjN7Bb2Q,30L,
a-cgsnEaeS-21akC2QqnMDA,kSgfbo3eS7iVX4KjN7Bb2Q,40L,
PBFgdfabRL2-2Q1rgblMkA,kSgfbo3eS7iVX4KjN7Bb2Q,50L,
u2tV7myiSQKYd4Sqv9xXug,kSgfbo3eS7iVX4KjN7Bb2Q,100L,
I7i.0l3rRZGuA9qQO5x-Wg,kSgfbo3eS7iVX4KjN7Bb2Q,60L,
dauTuDyVQOmmzTVmTgBEBg,kSgfbo3eS7iVX4KjN7Bb2Q,105L,
5F2zo4gTSvGFrdSye1NADQ,kSgfbo3eS7iVX4KjN7Bb2Q,200L,
kxJvtWQkS8qJVl0a.EzFqw,kSgfbo3eS7iVX4KjN7Bb2Q,150L,
SGXRQQBiQuWghTHtbrjYFg,kSgfbo3eS7iVX4KjN7Bb2Q,ROLO C/ 10 UN - 100L,
IFO1zXRASpGgSWjHTQCEfA,kSgfbo3eS7iVX4KjN7Bb2Q,ROLO C/ 20 UN - 50L,
x0WEFk13SBaSltbbHLShqg,4fbKznm1SBK0oo9kp.oM7Q,40cm,4
aTe.8KOERu2L1I87VBhlzg,4fbKznm1SBK0oo9kp.oM7Q,60cm,6
LD0yhO7oTOavu-vZIc2DAQ,4fbKznm1SBK0oo9kp.oM7Q,"1,2M",8
RwdpGv3-Qr64QvKcyLLCnw,4fbKznm1SBK0oo9kp.oM7Q,22cm,1
OsEQJ2MzS5WhFfl7dNgbGw,4fbKznm1SBK0oo9kp.oM7Q,35cm,3
ylg8Ut8wS7eBvUO6zbGR9Q,4fbKznm1SBK0oo9kp.oM7Q,30cm,2
6YgmeOltS4C3C1fRO-s0JQ,kSgfbo3eS7iVX4KjN7Bb2Q,105L,
3kKvX-lCThuO6daYKy4N2Q,4fbKznm1SBK0oo9kp.oM7Q,45cm,5
gf5LHPuLTouIiGj0DP3A4g,4fbKznm1SBK0oo9kp.oM7Q,65cm,7
B68.EaKhRGiXOXrDIp0KZw,4fbKznm1SBK0oo9kp.oM7Q,55cm,"5,5"
fRZRrNhIQY-RuERcaio2.g,4fbKznm1SBK0oo9kp.oM7Q,12L,
pqhx.Uo3RKqdV4RMsp7cBQ,4fbKznm1SBK0oo9kp.oM7Q,10L,
P1WspisnSv2JUgKMAqB3uw,4fbKznm1SBK0oo9kp.oM7Q,15L,
73jdZFpeRTyyxLrVQhinZw,4fbKznm1SBK0oo9kp.oM7Q,"8,5L",
5TadwGBZRLyK4taz8SV9wQ,kSgfbo3eS7iVX4KjN7Bb2Q,PCT C/4 ROLOS,
MqDPNXD7TtC8jInl78X4jQ,kSgfbo3eS7iVX4KjN7Bb2Q,PCT C/48 ROLOS,
YCxZCo26Tbed4JqTQQeu8A,kSgfbo3eS7iVX4KjN7Bb2Q,PCT C/12 ROLOS,
mHGyjyamSCWdxUvxqtrXJg,kSgfbo3eS7iVX4KjN7Bb2Q,PCT C/64 ROLOS,
a-HZbwRuUT3KRbgdyQeYapA,kSgfbo3eS7iVX4KjN7Bb2Q,PCT C/72 ROLOS,
u4Ij6au7T5mtuQrK2lz05w,kSgfbo3eS7iVX4KjN7Bb2Q,8 ROLOS,
DuHJ55SdSs2fdwp-zCgZAA,kSgfbo3eS7iVX4KjN7Bb2Q,8.000 FOLHAS,
518jd41IQJy1HYRQlBa6fQ,kSgfbo3eS7iVX4KjN7Bb2Q,10.000 FOLHAS,
M08IRIj8S22RYDi05uKoiw,kSgfbo3eS7iVX4KjN7Bb2Q,4.800 FOLHAS,
l8DisUh-RIC5BKKvXYroqQ,kSgfbo3eS7iVX4KjN7Bb2Q,EXTRA LUXO,
q4Sbx4AsQPCTMG9fXxnvzA,kSgfbo3eS7iVX4KjN7Bb2Q,100% CELULOSE,
MUi0FbqMSo67Q98pelNmag,kSgfbo3eS7iVX4KjN7Bb2Q,1.000 FOLHAS,
vs7rd52vT9uNGoy4ZKZceQ,kSgfbo3eS7iVX4KjN7Bb2Q,6 ROLOS,
uEFMjh-kQnqAfXyjtroPEw,kSgfbo3eS7iVX4KjN7Bb2Q,CX 50un.,
ACQifyF6RzygJPfGkvAZFg,kSgfbo3eS7iVX4KjN7Bb2Q,TAM P,
JYvs3fEPTb2qiV9WoOGJ5w,kSgfbo3eS7iVX4KjN7Bb2Q,TAM M,
DloHpt9ARcaxlFMfGhiIAg,kSgfbo3eS7iVX4KjN7Bb2Q,TAM G,
K5hUuq-cRh-7YymR13QOYQ,kSgfbo3eS7iVX4KjN7Bb2Q,TAM XG,
OW.6cjBsRi2WtfhOGLjBHA,kSgfbo3eS7iVX4KjN7Bb2Q,50un.,
xky5sPBOTWSd34.gxLWm7g,kSgfbo3eS7iVX4KjN7Bb2Q,300M,
Y.Mz1XAdRjmjILSdBAvFDg,kSgfbo3eS7iVX4KjN7Bb2Q,240M,
u.e9NipRRd2E1SF7J2WDoA,kSgfbo3eS7iVX4KjN7Bb2Q,5un.,
hJJ2V0GoQKSso0vqYZSaeg,kSgfbo3eS7iVX4KjN7Bb2Q,25un.,
J6gFeZjqTaGz97CkCIP6-Q,OVY3BHlhR4ebyIZM4nNGFg,1L,
a-SppZEQ-SyO1pwjbnLuN.w,OVY3BHlhR4ebyIZM4nNGFg,5L,
57fGJbbhQyK.HPTgsT-Vuw,OVY3BHlhR4ebyIZM4nNGFg,20L,
a.0WdmesXQUGpRytIueIbDQ,OVY3BHlhR4ebyIZM4nNGFg,50L,
SAzcyRgySYO5KafGDm71Ww,ViU2USNJRHq0ozZts2ayIg,500g,3
sE-Hhya5Qs6j2IBqgIsh1Q,PZOwW1.1ROSiob7KmFoQKw,500g,
b87j8rLgSTqrIE7kLO5Cfw,PZOwW1.1ROSiob7KmFoQKw,900g,
0RRb90CIQpiixJsZUgOlOg,PZOwW1.1ROSiob7KmFoQKw,800g,
4Iu5onpqQt2WQaltJdkyaw,4fbKznm1SBK0oo9kp.oM7Q,"1,5M",
m-Qf-KcER.uYh1ETEL45bg,4fbKznm1SBK0oo9kp.oM7Q,65L,
PPjx1DVjS9utuv5dgjnp0A,4fbKznm1SBK0oo9kp.oM7Q,20L,
PpGz-ZOdT4u2zYuHjb4mmw,4fbKznm1SBK0oo9kp.oM7Q,40L,
At49kathRnKqbFMsfzX9bQ,4fbKznm1SBK0oo9kp.oM7Q,100L,
Kfge2covR-2732LlItqWhg,4fbKznm1SBK0oo9kp.oM7Q,30L,
q-WzjK.gToG2Jz7JvphsXA,4fbKznm1SBK0oo9kp.oM7Q,60L,
jaD1TychQhyBU2wiWL-dsg,4fbKznm1SBK0oo9kp.oM7Q,97L,
oZ0GHA.ETCOhl8iLnKmLNA,4fbKznm1SBK0oo9kp.oM7Q,27L,
vtE8CZ0FQyWsYzP1lxKP8w,4fbKznm1SBK0oo9kp.oM7Q,53L,
No56hK8FSACU5l3UaReebg,4fbKznm1SBK0oo9kp.oM7Q,28L,
N4IzGzsJSCW3xFoA6-pt3w,4fbKznm1SBK0oo9kp.oM7Q,14L,
tSkJON8.Q22RdADNek.3aw,4fbKznm1SBK0oo9kp.oM7Q,45L,
UEr.aAkpSsyBMWtYQ8X7Kg,4fbKznm1SBK0oo9kp.oM7Q,TAM P,
cYk4bf4sSkKaKdBiYNfzyw,4fbKznm1SBK0oo9kp.oM7Q,TAM M,
IovdADN0QRG0Qb3V2XAifQ,4fbKznm1SBK0oo9kp.oM7Q,TAM G,
mSHbmHiCQaCCigXDspq0fA,4fbKznm1SBK0oo9kp.oM7Q,TAM GG,
mi6Dzs4xTByURXpyW7l0Pw,4fbKznm1SBK0oo9kp.oM7Q,TAM XG,
ovqVLUHER362E1S5QDmGeg,4fbKznm1SBK0oo9kp.oM7Q,SUPER,
cdDKeX28SqGZuLYBftCBSg,4fbKznm1SBK0oo9kp.oM7Q,40X60cm,
zpBB2EhsSF-m7muQePC.nw,4fbKznm1SBK0oo9kp.oM7Q,60X80cm,
fo-VOntnR5q1MtjgpqCHEQ,4fbKznm1SBK0oo9kp.oM7Q,50X70cm,
ica1ZJ-6T1iYjfgC2iVAIA,4fbKznm1SBK0oo9kp.oM7Q,50X90cm,
j5FH57yYRQiwn8XjSWM6hQ,4fbKznm1SBK0oo9kp.oM7Q,60X100cm,
bqpq0.N4T-GL6ctIZFoFxg,4fbKznm1SBK0oo9kp.oM7Q,80X100cm,
SYNkH.cHRDeu17-yswfo6A,4fbKznm1SBK0oo9kp.oM7Q,70X48cm,
BOrm-JOYQMuhwJ60rWZGOw,4fbKznm1SBK0oo9kp.oM7Q,89X70cm,
2SDpepIIRQiZi9ZBRYpE.A,4fbKznm1SBK0oo9kp.oM7Q,102X260cm,
LL.8bnHIQJqTMAw79nKC2Q,4fbKznm1SBK0oo9kp.oM7Q,2un.,
Z65IgH0kRdqCM61oNx4Qgg,4fbKznm1SBK0oo9kp.oM7Q,500ml,
mzctrSTvSXWXhhO9D14h7w,4fbKznm1SBK0oo9kp.oM7Q,17L,
BHxphGJZQ.WZTCAxwf3SWQ,4fbKznm1SBK0oo9kp.oM7Q,8L,
F-lKyiWsTGydD2h.nDJZRQ,4fbKznm1SBK0oo9kp.oM7Q,3un.,
OEy7oM.KQpSa89Pe5fXK8A,4fbKznm1SBK0oo9kp.oM7Q,3 DEGRAUS,
DUALhUO.Rj6mhQYJdCT11w,4fbKznm1SBK0oo9kp.oM7Q,4 DEGRAUS,
xtRlXbBLTta3XuV9UmUw7w,4fbKznm1SBK0oo9kp.oM7Q,5 DEGRAUS,
2TmjBYXtTF2IOsBWxdq-LA,4fbKznm1SBK0oo9kp.oM7Q,6 DEGRAUS,
P3QNyGY-RK2X5PYluwrn8g,4fbKznm1SBK0oo9kp.oM7Q,7 DEGRAUS,
3ue6SX2BQTSE47vuaeNXyw,4fbKznm1SBK0oo9kp.oM7Q,8 DEGRAUS,
bSgcCowsSFeX.J.LqzyxwQ,kSgfbo3eS7iVX4KjN7Bb2Q,15L - 80un.,
nhjDSPHGQwiog4q6SkwtKg,kSgfbo3eS7iVX4KjN7Bb2Q,100L - 20un.,
4ddDnl4xTi-OJBkjDQueLw,kSgfbo3eS7iVX4KjN7Bb2Q,30L - 50un.,
Pp5SwFGuQry1hWJSM9mQ2w,kSgfbo3eS7iVX4KjN7Bb2Q,50L - 40un.,
HMGKk.2PQl-xHYZSKLteEQ,4fbKznm1SBK0oo9kp.oM7Q,93L,
H44QOzwaS8GaNJzXj0m0VQ,4fbKznm1SBK0oo9kp.oM7Q,2M,
Wnze36XWTWWea.ekRT1Whg,4fbKznm1SBK0oo9kp.oM7Q,6M,
kqD89uwJSRuNoYpQoSxPEA,4fbKznm1SBK0oo9kp.oM7Q,9M,
HClRHzEHTu20xPyJUM9tYw,ViU2USNJRHq0ozZts2ayIg,1M,
3KQdcXiDTmqZ1wbP7f.Tcw,ViU2USNJRHq0ozZts2ayIg,3M,
QeX5loTHTBO.qxSi-wd72A,ViU2USNJRHq0ozZts2ayIg,5M,
IMrEDmDgTo-86OfgL.hPQA,ViU2USNJRHq0ozZts2ayIg,6M,
GuLmghT4T-Ke9SqCA8HFoA,ViU2USNJRHq0ozZts2ayIg,7M,
HXa.5zz9SPWsysv3YtzXBw,ViU2USNJRHq0ozZts2ayIg,8M,
AZwJYdceQD6jPuY2qgp8Hg,ViU2USNJRHq0ozZts2ayIg,9M,
cwoL84kYQ3OHTq0RNL8rZw,4fbKznm1SBK0oo9kp.oM7Q,9L,
zTTIQi9jRICIHiCFcLmY3w,4fbKznm1SBK0oo9kp.oM7Q,90cm,
TLsVtbrnS1-x5wTpSs4hMg,OVY3BHlhR4ebyIZM4nNGFg,900g,
Q2.R5CiaSym5kOcidEqqRg,4fbKznm1SBK0oo9kp.oM7Q,1un.,
OZC8LX4DQTOIykExhwsDtA,4fbKznm1SBK0oo9kp.oM7Q,7L,
DdcX6BcSRfWk.p28DZnQRw,4fbKznm1SBK0oo9kp.oM7Q,10 DEGRAUS,
vnzNyyJ3RfiYyMEID8umiQ,4fbKznm1SBK0oo9kp.oM7Q,12 DEGRAUS,
SSgukN-xRQmkGRCvNFOf2w,4fbKznm1SBK0oo9kp.oM7Q,"14,45M",
Pd9VuUonTxi4Cz3KldQ-QQ,ViU2USNJRHq0ozZts2ayIg,"1,5M",
VPMH0ix8TQW375VpvjA-tw,ViU2USNJRHq0ozZts2ayIg,70cm,
cdez2lXOSbiqaOlAdWYggQ,ViU2USNJRHq0ozZts2ayIg,"4,5M",
z201o5YaSfqwXx-0qv84hg,ViU2USNJRHq0ozZts2ayIg,2M,
YyRdD57sTQmdXQuhWFnzeA,ViU2USNJRHq0ozZts2ayIg,80cm,
b2xX06N8SEm7.2vo0yY.6w,ViU2USNJRHq0ozZts2ayIg,90cm,
ulTj01UiQC6d7p4fVbwr3g,ViU2USNJRHq0ozZts2ayIg,"1,20M",
93Td6oR2Q.Wsxd-dOD8--A,ViU2USNJRHq0ozZts2ayIg,260ml,
PHqcP6VXSaes962lTsDxBw,ViU2USNJRHq0ozZts2ayIg,10ml,
5Ihv7VJ-Qm2Cb2TpWeXDrg,ViU2USNJRHq0ozZts2ayIg,120ml,
wRqjolsbRZGKpxrVhWtlew,ViU2USNJRHq0ozZts2ayIg,400ml,
ThbUkyEDQBqxDz2BJSQzhg,ViU2USNJRHq0ozZts2ayIg,60ml,
CuDXaoT5S5uHaNvVubOqvg,ViU2USNJRHq0ozZts2ayIg,500ml,
26fmDTcTTDKsQfZ.EHaLag,4fbKznm1SBK0oo9kp.oM7Q,"1,5M",
QqRgJEssRnyXLHtJCWLqTg,4fbKznm1SBK0oo9kp.oM7Q,1M,
vhpCpz2JQSWlj8dDNPX1SA,4fbKznm1SBK0oo9kp.oM7Q,70cm,
ZOV5vsepQDeiCbBq96mWSw,4fbKznm1SBK0oo9kp.oM7Q,80cm,
R7Ds4ty9QNO8pt6CN.dzsQ,4fbKznm1SBK0oo9kp.oM7Q,Grande,
EV5Ru9OVT4iNTq5pkCYsUg,4fbKznm1SBK0oo9kp.oM7Q,Pequena,
a-PZfnSrtSqKXjPNjLpqGaw,4fbKznm1SBK0oo9kp.oM7Q,4un.,
hLCxKehpSPqZm1QZNxt4kg,4fbKznm1SBK0oo9kp.oM7Q,"1,2L",
RjntEN2eQnyNuf8LIVEQCA,4fbKznm1SBK0oo9kp.oM7Q,300ml,
I.hHRYzDQpO8F2.YA6q6hQ,4fbKznm1SBK0oo9kp.oM7Q,50M,
wCR9m2yPRgaSMLq4LnEErg,OVY3BHlhR4ebyIZM4nNGFg,500g,
cfwXRLCWTs-ut0S8ByKw7Q,4fbKznm1SBK0oo9kp.oM7Q,3L,
wThoLxeKQdOw3dE2jKLD8g,4fbKznm1SBK0oo9kp.oM7Q,6L,
9D5NawUuTLGDYAxNbdkrhg,4fbKznm1SBK0oo9kp.oM7Q,"4,5L",
zRCCAGV7SY6np2l8JRZ10A,4fbKznm1SBK0oo9kp.oM7Q,"13,6L",
db6ew4.HS9W.xPT68wazAA,4fbKznm1SBK0oo9kp.oM7Q,105L,
UhLkFS64TbyrrCHPqY21MA,4fbKznm1SBK0oo9kp.oM7Q,"7,4L",
rt-t3KiwSUKvPsZGnMxscQ,4fbKznm1SBK0oo9kp.oM7Q,100L,
K1tnqgJyQD-HzxH8Gy22Sw,4fbKznm1SBK0oo9kp.oM7Q,48L,
H7-z-8EBTpSMvgQZ.YA5pQ,4fbKznm1SBK0oo9kp.oM7Q,4L,1
gO5Vtjp4RNiOv5vGNwElEg,4fbKznm1SBK0oo9kp.oM7Q,5L,
a.h1R9ASzSiC2JFmjfhtF-A,4fbKznm1SBK0oo9kp.oM7Q,10un.,
DPgJkfrQSQ6AVoweeocsRw,4fbKznm1SBK0oo9kp.oM7Q,2L,
MzuKB7suT9yKmoBK.SsZ8g,4fbKznm1SBK0oo9kp.oM7Q,100un.,
0jSwnDawQz-1Ut0ilhouzQ,4fbKznm1SBK0oo9kp.oM7Q,8un.,
qtkqbMSxS1eNrzLp7VZ8Ug,4fbKznm1SBK0oo9kp.oM7Q,22M,
mt0zuN2DTnycrlCEJXksnA,4fbKznm1SBK0oo9kp.oM7Q,3X4cm,
CwRTn8FeQa2LUFa6MNE28g,4fbKznm1SBK0oo9kp.oM7Q,4X4cm,
hqyrdOSHQtuLfhAlvMpZyg,4fbKznm1SBK0oo9kp.oM7Q,"1,8M",
lp3.chIPRESBDBJ7mwZSNQ,PZOwW1.1ROSiob7KmFoQKw,200ml,
og1Y2VC7R4WegF-X-AqN4Q,PZOwW1.1ROSiob7KmFoQKw,100ml,
XW5uiH1zT9KwBmZOvPcbPg,PZOwW1.1ROSiob7KmFoQKw,400ml,
SkWR6PvbRSa5rz5aJSxqlA,PZOwW1.1ROSiob7KmFoQKw,300ml,
UjirrdODTs2T-5q9SmouSA,PZOwW1.1ROSiob7KmFoQKw,200g,
GrzUQVrRQVWoqt7GKwwgKA,PZOwW1.1ROSiob7KmFoQKw,"1,3M",
lrTOa.Z2Q.el9W3JHupxaA,Nlfwazk9RPKFunUcFg8mTA,"1,3M",
lR0hGOTPT-6cALKJwX8wxg,Nlfwazk9RPKFunUcFg8mTA,1M,
DRalxNkdTW-hYAq.k.62ZQ,Nlfwazk9RPKFunUcFg8mTA,30X70cm,
Cv0PvycuTE-rJ3WadbUmng,Nlfwazk9RPKFunUcFg8mTA,"1,20MX10mm",
usKNnuDFQE6zeulBAh2VRA,Nlfwazk9RPKFunUcFg8mTA,3un.,
u1lf2qIJQEGv1APrV9SGUw,Nlfwazk9RPKFunUcFg8mTA,43X61cm,
5c.36fLGSBacsYGRDFLLdQ,Nlfwazk9RPKFunUcFg8mTA,45X75cm,
qwrYZOEDT8WxNr1CORFohw,Nlfwazk9RPKFunUcFg8mTA,900ml,
B3zuse1GQSKdA475k-YqbQ,OVY3BHlhR4ebyIZM4nNGFg,900ml,
JUe42IVXTfyDIMJJcd3DpQ,4fbKznm1SBK0oo9kp.oM7Q,"13,8L",
MffawRPORs6-YcEhiY7R8Q,4fbKznm1SBK0oo9kp.oM7Q,18L,
fMeJ9sPSSkyGCoY-JMsJ7g,4fbKznm1SBK0oo9kp.oM7Q,16L,
MpA1ahF6QP2xtKytos6Jsw,4fbKznm1SBK0oo9kp.oM7Q,33L,
bDPyCBazSTO9DNk1BPAMPQ,4fbKznm1SBK0oo9kp.oM7Q,50L,
A.QcRur7SaC1iP-3i8azVg,4fbKznm1SBK0oo9kp.oM7Q,32L,
jxgZoIpMQwieHqqLl79h1A,4fbKznm1SBK0oo9kp.oM7Q,15L - 60un.,
7xq8z-YVTvacmIJRyy0Lzg,4fbKznm1SBK0oo9kp.oM7Q,30L - 30un.,
ec3Ff9kuRn6k7aUR8BRNUA,4fbKznm1SBK0oo9kp.oM7Q,100L - 15un.,
Z8S3V5AGQdC8aTuhAabMNw,kSgfbo3eS7iVX4KjN7Bb2Q,15L - 60un.,
JpPizu1pREulstJjgL25BQ,kSgfbo3eS7iVX4KjN7Bb2Q,30L - 30un.,
T6zUzP4yQPuR58yBgoFQeQ,kSgfbo3eS7iVX4KjN7Bb2Q,100L - 15un.,
DntjY0kIQ3254Ep5eRVjKA,4fbKznm1SBK0oo9kp.oM7Q,1M,
a-JUbFlOXRw-T6bS1rYEXhQ,4fbKznm1SBK0oo9kp.oM7Q,50cm,
FcjJTu9ESPaUbO.Kc06dmA,4fbKznm1SBK0oo9kp.oM7Q,25cm,
VpclEFcvR36y6Esc8gilkg,Nlfwazk9RPKFunUcFg8mTA,38X58cm,
e8OKjxGVRGmQeFjTigRaqQ,Nlfwazk9RPKFunUcFg8mTA,70X100cm,
T2xgnEh5Txq5IhrdWF-GyA,Nlfwazk9RPKFunUcFg8mTA,90X130cm,
csTa5CUHRROVvy66Yive8A,PZOwW1.1ROSiob7KmFoQKw,450L,
lrWvcWiBTUm5Sw3vZ-acdQ,PZOwW1.1ROSiob7KmFoQKw,450ml,
i8TQZ896TMSNXEJwtt474Q,4fbKznm1SBK0oo9kp.oM7Q,35X50cm,
aSMG3s-6RrC7iKQg-90myA,Nlfwazk9RPKFunUcFg8mTA,50X70,
vXIIHHxUTXe2DtGLN39G1Q,Nlfwazk9RPKFunUcFg8mTA,50X90,
bPJE1k2HTbmyYpOfqAsleg,Nlfwazk9RPKFunUcFg8mTA,50X70 CM,
dbSaFPytTkiAF-8GCHHi-Q,4fbKznm1SBK0oo9kp.oM7Q,50X70cm,
Pp4cQHBiRlm5NHQofM9o6g,4fbKznm1SBK0oo9kp.oM7Q,48X58cm,
X7j-DORhQ1iaRYF0t3LMiw,4fbKznm1SBK0oo9kp.oM7Q,11L,
uqVCBksoSeCZ74tYRbiV1Q,4fbKznm1SBK0oo9kp.oM7Q,350mm,
CseNCjlFSpq0b6AXex9rhQ,4fbKznm1SBK0oo9kp.oM7Q,410mm,
KEgFtId3SYOnA41CbyG3Hg,4fbKznm1SBK0oo9kp.oM7Q,510mm,
tERhplSWRV-AumLny5552w,jeYTQJlURsa6DNeh4ubtng,350mm,
kZUOqCZZQo2rM3RO-DfqbQ,jeYTQJlURsa6DNeh4ubtng,510mm,
y3ikbS-0TqC1MwIBUMbrfA,jeYTQJlURsa6DNeh4ubtng,410mm,
XEwf4TgQR2CcYOlFO0QSXA,Nlfwazk9RPKFunUcFg8mTA,15 micras,
RRILJOXiQa--q5kyjEMrTg,Nlfwazk9RPKFunUcFg8mTA,20 micras,
NnuSSmJ7SqO96TLMQslKCw,Nlfwazk9RPKFunUcFg8mTA,40 micras,
1TB6.BGfQyuX8-JPLOQyng,PZOwW1.1ROSiob7KmFoQKw,700ml,
ieKyKYF.TcCCRbAtEprr4w,PZOwW1.1ROSiob7KmFoQKw,"1,5L",
v6Qwwi1IT8u4BjGrrxsStQ,PZOwW1.1ROSiob7KmFoQKw,"1,35L",
Fz8lT.EQRteRGVlk5HUyFw,ViU2USNJRHq0ozZts2ayIg,N.1,
P4HJm86DQOOeNCmPmBP.IQ,ViU2USNJRHq0ozZts2ayIg,N.2,
n28b4VLkTbyMcejPVbbuJQ,ViU2USNJRHq0ozZts2ayIg,N.3,
49tjL7ENQRyWeQ4ecO-qtg,ViU2USNJRHq0ozZts2ayIg,N.4,
5wCAVmetQaOjNsSQRDYcSg,4fbKznm1SBK0oo9kp.oM7Q,Nº30,
I14d7WI1T66zwUzXpo4-tQ,4fbKznm1SBK0oo9kp.oM7Q,Nº40,
xh4yGQ4hTxakFIk8ctAz-w,ViU2USNJRHq0ozZts2ayIg,4L,
g8d5ZTFiTKSdRIQSltMcew,ViU2USNJRHq0ozZts2ayIg,8L,
Ceow-qbrQaS6HoXqJ047Fg,ViU2USNJRHq0ozZts2ayIg,"11,5L",
9Iqeq9YzT62ElxshXzmvmA,ViU2USNJRHq0ozZts2ayIg,"2,5L",
V2nFLa5lS9CqUkR1nhuHAw,ViU2USNJRHq0ozZts2ayIg,19L,
4QLhMJ38Qi-siNNvEeyGPQ,4fbKznm1SBK0oo9kp.oM7Q,10cm,
nBiFyggJT.C784d3qqSNjA,4fbKznm1SBK0oo9kp.oM7Q,"12,5cm",
MhZZ3Jj4QXiQfwYtHBZSMg,4fbKznm1SBK0oo9kp.oM7Q,"1,3L",
H3cqf.SoQ9OW1gz0c7aY-w,4fbKznm1SBK0oo9kp.oM7Q,26L,
a-hqgCjUCSjKRz3am1mLMfg,PZOwW1.1ROSiob7KmFoQKw,360ml,
EYqiKTYjS4GKgMRB5euR1A,jeYTQJlURsa6DNeh4ubtng,505mm,
fmTt3yryRa2i-Pc6agQx9w,4fbKznm1SBK0oo9kp.oM7Q,9cm,
hIacym2MQUanRl1-xtENew,4fbKznm1SBK0oo9kp.oM7Q,"7,2cm",
6hKMNodgT9mSwY5Ewa9GPA,ViU2USNJRHq0ozZts2ayIg,100ml,
4quhNtfTSBOCnD.5qNJn-A,ViU2USNJRHq0ozZts2ayIg,360ml,
Z0KWv-dKS9Kdeio5mX4j3w,ViU2USNJRHq0ozZts2ayIg,240ml,
rGSKNajMQYiBBbl-AaYuIw,ViU2USNJRHq0ozZts2ayIg,120ml,
iVqLvu3cTjC3zZxIw1bLLA,4fbKznm1SBK0oo9kp.oM7Q,"1,5""",
k-cZ0NXXTzShKU5MEvHByA,4fbKznm1SBK0oo9kp.oM7Q,"2""",
Sbur0qAMSASbHNzKw50DFA,4fbKznm1SBK0oo9kp.oM7Q,"3""",
6k8t-bLZQ9KyFOhxIVXDng,4fbKznm1SBK0oo9kp.oM7Q,"4""",
QEG5997qSDup9NWbQKhYxQ,4fbKznm1SBK0oo9kp.oM7Q,"5""",
SzeWIJ.pTViapjTkxrLv0A,4fbKznm1SBK0oo9kp.oM7Q,Com Stop,
njFy66WuRSifmzNjuJ49xg,4fbKznm1SBK0oo9kp.oM7Q,Sem Stop,
2CrDTRRXR8aE649SefswJQ,4fbKznm1SBK0oo9kp.oM7Q,"3,5L",
Nav8DkjkQhyCeV66OITsYA,Nlfwazk9RPKFunUcFg8mTA,"1,5M",
RLiceBKgT-KktZnoIqsLqA,Nlfwazk9RPKFunUcFg8mTA,2M,
uYqM890gRYKU84wshOc3UA,Nlfwazk9RPKFunUcFg8mTA,"2,5M",
5tQHXJ-ZQ-aHGJW5wiexKA,Nlfwazk9RPKFunUcFg8mTA,3M,
B1DTASYwQdaZdeym1nGHCQ,PZOwW1.1ROSiob7KmFoQKw,120ml,
fnuLeePiQsi5bcEwrHDX9w,PZOwW1.1ROSiob7KmFoQKw,"1,3Kg",
3uSg-Yg2Q2a3cud8T4qWrA,ViU2USNJRHq0ozZts2ayIg,65x130cm,
Yc1GHYPbR.yi7XihwHSBOg,ViU2USNJRHq0ozZts2ayIg,269ml,
5qycMjTbTjK7ljuwQzad8Q,Nlfwazk9RPKFunUcFg8mTA,40cmX60cm,
7dQzy-J0RNChC455L1MJFA,Nlfwazk9RPKFunUcFg8mTA,50cmX80cm,
Tr74yKyqSJuLqssx9QL3SA,Nlfwazk9RPKFunUcFg8mTA,"70cmX1,30m",
7Oe5C1GJTzatwoHdVfkfdg,4fbKznm1SBK0oo9kp.oM7Q,60x80cm Porcelanato,
Oz7XUVYeTxSSyMLE57YTaQ,4fbKznm1SBK0oo9kp.oM7Q,50x70 Lisa,
1ExXvA-3QLaeAtiuQOy4dw,4fbKznm1SBK0oo9kp.oM7Q,50X90cm Lisa,
a-gxHI6X2QR6ZSZVv5rMM7g,4fbKznm1SBK0oo9kp.oM7Q,60X100cm Lisa,
Glq6iJXWSteQrcFP1738eA,4fbKznm1SBK0oo9kp.oM7Q,80x100cm Lisa,
qo.S8ljORxGKndrQWFCTSg,4fbKznm1SBK0oo9kp.oM7Q,40X40cm,
uubq3QCuRIW-YfJaOm9TBA,4fbKznm1SBK0oo9kp.oM7Q,15L,
UFYeQA-zQjuO09NFDzIUOA,OVY3BHlhR4ebyIZM4nNGFg,450ml,
fyMx0XOTQCiEF6.2Bcxk7g,4fbKznm1SBK0oo9kp.oM7Q,28X40cm,
GpI353FJTPykcs6TTzh3ag,4fbKznm1SBK0oo9kp.oM7Q,38X60cm,
YIS2Hs69TjyxZ5kdNlssmg,kSgfbo3eS7iVX4KjN7Bb2Q,FARDO C/ 5 PACOTES,
a.SSyQfJjS6-0fr4-hpl1mw,PZOwW1.1ROSiob7KmFoQKw,3L,
yNJ8YxIPTWOzq0R0YEzOyg,PZOwW1.1ROSiob7KmFoQKw,"1,6kg",
Y1ZtUZqJTniLIVYFYR2gVw,4fbKznm1SBK0oo9kp.oM7Q,LC350,
koT4d6oiQlyySa4T84HuKg,4fbKznm1SBK0oo9kp.oM7Q,"LC450
",
yXFRL20xSQa6M7RtecIjbw,ViU2USNJRHq0ozZts2ayIg,"54,5 LTS",